,CV F1 Macro,Val Accuracy,Val F1 Macro
XGBoost,0.5923212680084722,0.8185714285714286,0.6074412722477046
Random Forest,0.5857252380892971,0.8128571428571428,0.5558456345216267
Decision Tree,0.5152617074178426,0.7128571428571429,0.5243644454041243
Logistic Regression,0.2885421912100271,0.2814285714285714,0.2642556691143297
