,CV F1 Macro,Val Accuracy,Val F1 Macro
Random Forest,0.9941232443657361,0.990909090909091,0.9908989786631611
XGBoost,0.9882923972579144,0.9878787878787879,0.987844990104445
Decision Tree,0.9836291805257323,0.9757575757575757,0.9755100665000555
Logistic Regression,0.9692722210739451,0.9666666666666667,0.9664550974693558
